,City,Country,Lat,Lng,Max Temp,Humidity,Cloudiness,Wind Speed,Current Description
0,Vaini,TO,-21.2,-175.2,84.2,84,75,9.22,broken clouds
1,Butaritari,KI,3.0707,172.7902,81.23,79,71,20.2,broken clouds
2,Klaeng,TH,12.7797,101.6483,75.99,89,2,2.35,clear sky
3,Narsaq,GL,60.9167,-46.05,23.16,81,100,3.65,overcast clouds
4,Aklavik,CA,68.2191,-135.0107,-7.6,71,90,11.5,overcast clouds
5,Ada,US,43.4166,-116.1262,51.8,34,90,8.05,overcast clouds
6,Crestline,US,34.242,-117.2856,73.4,17,1,6.91,clear sky
7,Bogo,PH,11.0517,124.0055,81.73,77,99,12.55,overcast clouds
8,Nikolayevsk-Na-Amure,RU,53.1406,140.73,-3.3,88,100,6.38,overcast clouds
9,Chuy,UY,-33.6971,-53.4616,67.05,88,0,9.71,clear sky
10,Rikitea,PF,-23.1203,-134.9692,78.78,68,45,9.57,scattered clouds
11,Hithadhoo,MV,-0.6,73.0833,81.36,75,41,13.96,scattered clouds
12,Barrow,US,71.2906,-156.7887,-5.8,77,90,14.97,haze
13,Samarai,PG,-10.6167,150.6667,86.5,67,63,4.45,broken clouds
14,Clyde River,CA,70.4692,-68.5914,-7.6,77,90,2.3,overcast clouds
15,Ushuaia,AR,-54.8,-68.3,50.0,76,75,12.66,broken clouds
16,Souillac,MU,-20.5167,57.5167,77.0,83,40,4.61,scattered clouds
17,Norman Wells,CA,65.282,-126.8329,-25.6,68,75,2.3,broken clouds
18,Fairbanks,US,64.8378,-147.7164,-4.0,77,90,0.87,light snow
19,Buk,PL,52.3553,16.5196,21.0,63,0,16.11,clear sky
20,Mataura,NZ,-46.1927,168.8643,80.42,46,0,1.88,clear sky
21,Kamaishi,JP,39.2667,141.8833,35.6,100,75,1.14,mist
22,Casablanca,MA,33.5928,-7.6192,51.01,100,75,11.5,broken clouds
23,Tateyama,JP,34.9833,139.8667,55.99,62,20,6.91,few clouds
24,Kilindoni,TZ,-7.9139,39.6668,81.36,79,90,11.32,overcast clouds
25,Georgetown,MY,5.4112,100.3354,78.8,83,20,2.3,few clouds
26,Asau,RO,46.4333,26.4,27.0,72,100,3.47,light snow
27,Catuday,PH,16.2923,119.8062,79.86,74,100,9.31,overcast clouds
28,Port Elizabeth,ZA,-33.918,25.5701,69.8,78,0,19.57,clear sky
29,Yellowknife,CA,62.456,-114.3525,-36.4,67,1,2.3,mist
30,Shibetsu,JP,43.659,145.132,23.0,86,75,8.05,snow
31,Zelenets,RU,61.8849,50.7489,-5.8,71,90,15.66,light snow
32,Victoria,HK,22.2855,114.1577,71.01,62,0,9.26,clear sky
33,Sao Filipe,CV,14.8961,-24.4956,69.4,75,18,15.79,few clouds
34,Arraial Do Cabo,BR,-22.9661,-42.0278,72.79,82,100,6.71,overcast clouds
35,Marzuq,YE,14.4,46.4667,56.75,69,0,2.17,clear sky
36,Dikson,RU,73.5069,80.5464,-28.1,86,90,9.6,overcast clouds
37,Tasiilaq,GL,65.6145,-37.6368,33.8,55,92,28.77,overcast clouds
38,Freeport,US,40.6576,-73.5832,39.2,48,1,5.75,clear sky
39,Bethel,US,41.3712,-73.414,32.0,59,1,5.14,clear sky
40,Broome,US,42.2506,-75.833,24.8,33,1,3.44,clear sky
41,La Rioja,ES,42.25,-2.5,39.2,87,20,3.44,few clouds
42,Benguela,AO,-12.5763,13.4055,72.54,84,100,3.29,overcast clouds
43,Albany,US,42.6001,-73.9662,27.0,45,0,3.76,clear sky
44,Teya,RU,60.3778,92.6267,22.33,95,98,7.85,overcast clouds
45,Banjar,ID,-8.19,114.9675,82.4,83,20,3.44,few clouds
46,Barcelos,PT,41.5388,-8.6151,42.01,87,0,4.61,clear sky
47,Busselton,AU,-33.65,115.3333,61.0,97,100,1.99,overcast clouds
48,Qaqortoq,GL,60.7167,-46.0333,21.25,82,90,6.24,overcast clouds
49,Kismayo,SO,-0.3582,42.5454,75.72,86,0,12.64,clear sky
50,Hilo,US,19.7297,-155.09,78.8,53,75,5.75,broken clouds
51,Jamestown,US,42.097,-79.2353,17.6,49,1,6.91,clear sky
52,Kirkwall,GB,58.9848,-2.9587,32.0,93,75,20.71,light snow
53,Rawson,AR,-43.3002,-65.1023,58.5,69,6,21.63,clear sky
54,Edgewood,US,39.4187,-76.2944,39.0,64,1,4.07,clear sky
55,Fortuna,US,40.5982,-124.1573,51.01,87,1,12.66,clear sky
56,Verbilki,RU,56.5333,37.6,-0.4,78,40,11.18,light snow
57,Mar Del Plata,AR,-38.0023,-57.5575,64.0,77,20,11.5,few clouds
58,Oeiras,BR,-7.0253,-42.1311,75.92,78,97,3.58,overcast clouds
59,Hualmay,PE,-11.0964,-77.6139,71.01,78,100,8.28,overcast clouds
60,Carnarvon,AU,-24.8667,113.6333,84.2,100,40,13.8,scattered clouds
61,Punta Arenas,CL,-53.15,-70.9167,51.8,66,0,17.27,clear sky
62,Isangel,VU,-19.55,169.2667,86.0,79,20,5.75,few clouds
63,Bambous Virieux,MU,-20.3428,57.7575,77.0,83,40,4.61,light rain
64,Bandarbeyla,SO,9.4942,50.8122,74.86,81,0,11.45,clear sky
65,Hermanus,ZA,-34.4187,19.2345,66.99,93,93,3.44,light rain
66,Upernavik,GL,72.7868,-56.1549,18.59,75,0,3.47,clear sky
67,Ixtapa,MX,20.7,-105.2,72.0,78,40,5.75,scattered clouds
68,Luderitz,NA,-26.6481,15.1594,68.13,66,0,21.56,clear sky
69,Kapaa,US,22.0752,-159.319,73.4,49,40,6.91,scattered clouds
70,Zaysan,KZ,47.4667,84.8667,19.44,86,97,1.61,overcast clouds
71,Pevek,RU,69.7008,170.3133,-7.38,87,0,5.06,clear sky
72,Bluff,NZ,-46.6,168.3333,61.23,70,0,7.07,clear sky
73,Torbay,CA,47.6666,-52.7314,44.01,93,40,20.71,light rain
74,Saskylakh,RU,71.9167,114.0833,-41.19,78,24,7.43,few clouds
75,Ponta Do Sol,PT,32.6667,-17.1,54.0,68,12,5.79,few clouds
76,Castro,BR,-24.7911,-50.0119,60.3,96,8,9.78,clear sky
77,Skibbereen,IE,51.55,-9.2667,37.4,87,20,8.05,few clouds
78,Telde,ES,27.9924,-15.4192,62.01,82,75,11.5,broken clouds
79,Namibe,AO,-15.1961,12.1522,70.54,79,34,5.73,scattered clouds
80,Nanortalik,GL,60.1432,-45.2371,24.17,87,100,9.69,overcast clouds
81,Saint-Philippe,RE,-21.3585,55.7679,78.8,73,75,6.91,broken clouds
82,Civita Castellana,IT,42.2952,12.4092,69.8,60,100,8.05,overcast clouds
83,Qrendi,MT,35.8347,14.4583,61.0,88,0,8.05,clear sky
84,Kitui,KE,-1.367,38.0106,66.85,77,78,2.71,broken clouds
85,Boa Vista,BR,2.8197,-60.6733,82.4,65,0,8.05,clear sky
86,Cape Town,ZA,-33.9258,18.4232,70.0,88,20,9.22,few clouds
87,Faya,SA,18.3851,42.4509,46.4,87,40,1.88,scattered clouds
88,Stokmarknes,NO,68.5646,14.9108,30.99,92,66,1.01,broken clouds
89,Shido,JP,34.3233,134.1733,54.0,66,40,6.91,scattered clouds
90,Kamina,CD,-8.7386,24.9906,65.57,96,100,4.29,overcast clouds
91,Sarangani,PH,5.4033,125.4636,81.59,72,100,4.16,overcast clouds
92,Avarua,CK,-21.2078,-159.775,86.0,70,35,11.5,scattered clouds
93,Zaraza,VE,9.3503,-65.3245,75.76,75,100,8.93,overcast clouds
94,Luanda,AO,-8.8368,13.2343,78.8,83,40,9.22,scattered clouds
95,Vanimo,PG,-2.6741,141.3028,82.29,78,100,4.27,overcast clouds
96,Bengkulu,ID,-3.8004,102.2655,79.27,71,99,4.23,overcast clouds
97,Orodara,BF,10.9492,-4.9342,75.2,41,97,4.61,overcast clouds
98,Vestmannaeyjar,IS,63.4427,-20.2734,38.52,74,26,26.82,scattered clouds
99,Ribeira Grande,PT,38.5167,-28.7,61.14,88,100,23.58,overcast clouds
100,Meulaboh,ID,4.1363,96.1285,76.89,88,82,5.66,broken clouds
101,Puerto Ayora,EC,-0.7393,-90.3518,77.0,93,52,1.01,broken clouds
102,Tiksi,RU,71.6872,128.8694,-26.0,84,100,4.85,overcast clouds
103,Dingle,PH,10.9995,122.6711,80.51,82,71,13.96,broken clouds
104,Bagdarin,RU,54.4333,113.6,-13.25,80,0,2.28,clear sky
105,Qaanaaq,GL,77.484,-69.3632,10.04,86,100,8.48,overcast clouds
106,Margate,GB,51.3813,1.3862,36.0,85,100,5.99,light rain
107,Gornopravdinsk,RU,60.05,69.9,33.96,92,100,10.49,overcast clouds
108,Provideniya,RU,64.3833,-173.3,1.76,88,5,4.85,clear sky
109,Ostrovnoy,RU,68.0531,39.5131,8.11,92,100,10.74,overcast clouds
110,Eureka,US,40.8021,-124.1637,52.0,79,0,8.99,clear sky
111,Gavle,SE,60.6745,17.1417,21.0,86,100,5.01,snow
112,Murray Bridge,AU,-35.1167,139.2667,62.01,88,99,12.35,overcast clouds
113,Anzhero-Sudzhensk,RU,56.081,86.0285,30.2,86,40,13.42,scattered clouds
114,Bambanglipuro,ID,-7.95,110.2833,80.85,77,4,4.99,clear sky
115,San Carlos De Bariloche,AR,-41.1456,-71.3082,75.2,29,0,11.5,clear sky
116,Namatanai,PG,-3.6667,152.4333,86.18,62,99,5.37,overcast clouds
117,Tuktoyaktuk,CA,69.4541,-133.0374,-16.6,76,90,21.85,snow
118,Castlemaine,AU,-37.0667,144.2167,66.0,82,63,3.0,broken clouds
119,Saint Austell,GB,50.3383,-4.7658,39.0,93,66,8.05,broken clouds
120,Terrace,CA,54.5163,-128.6035,32.0,93,90,8.05,light snow
121,Koungou,YT,-12.7336,45.2042,80.6,78,0,9.22,clear sky
122,Marawi,PH,7.9986,124.2928,81.0,78,49,2.64,scattered clouds
123,Port Alfred,ZA,-33.5906,26.891,68.0,87,39,5.99,scattered clouds
124,Pisco,PE,-13.7,-76.2167,71.6,83,75,9.22,broken clouds
125,Rojhan,PK,28.6868,69.9534,52.21,43,0,2.82,clear sky
126,Saint-Augustin,CA,51.226,-58.6502,33.51,96,100,17.87,overcast clouds
127,Khatanga,RU,71.9667,102.5,-34.94,78,0,8.61,clear sky
128,Saurimo,AO,-9.6608,20.3916,66.07,97,100,3.8,overcast clouds
129,Montrose,US,38.4166,-108.2673,42.8,28,75,8.05,broken clouds
130,Skjervoy,NO,70.0311,20.9714,29.93,94,100,20.98,light snow
131,Bredasdorp,ZA,-34.5322,20.0403,66.2,88,96,3.44,light rain
132,Hobart,AU,-42.8794,147.3294,66.99,51,75,17.27,broken clouds
133,Mandera,KE,3.9366,41.867,74.14,69,0,11.83,clear sky
134,San Francisco,US,37.7749,-122.4194,63.0,55,20,13.8,few clouds
135,Teguldet,RU,57.3064,88.1667,30.61,98,100,8.08,overcast clouds
136,Korla,CN,41.7597,86.1469,25.39,85,41,2.08,scattered clouds
137,Griffith,US,41.5284,-87.4237,10.99,85,90,8.05,snow
138,Kamariotissa,GR,40.4833,25.4667,59.0,88,40,5.75,scattered clouds
139,Te Anau,NZ,-45.4167,167.7167,75.29,39,0,4.38,clear sky
140,Pitea,SE,65.3172,21.4794,14.0,92,75,13.8,broken clouds
141,Ilheus,BR,-14.7889,-39.0494,82.4,83,40,5.75,scattered clouds
142,Wuwei,CN,37.9281,102.6414,28.17,69,8,3.89,clear sky
143,Sri Aman,MY,1.2376,111.4621,77.0,100,40,1.43,scattered clouds
144,Zabaykalsk,RU,49.6333,117.3167,-9.94,88,99,6.51,overcast clouds
145,New Norfolk,AU,-42.7826,147.0587,66.99,49,74,3.0,broken clouds
146,Sassandra,CI,4.95,-6.0833,78.37,91,2,7.74,clear sky
147,Muborak,UZ,39.2553,65.1528,51.15,78,100,1.41,overcast clouds
148,East London,ZA,-33.0153,27.9116,74.55,87,74,14.99,light rain
149,Colares,PT,38.7992,-9.4469,52.0,76,47,20.0,scattered clouds
150,Innisfail,AU,-17.5333,146.0333,86.83,68,100,3.69,overcast clouds
151,Pocinhos,BR,-7.0767,-36.0611,75.2,83,0,12.66,clear sky
152,Tabuk,PH,17.4189,121.4443,76.59,79,7,2.42,clear sky
153,Ashland,US,40.8167,-82.2665,15.01,62,1,3.4,clear sky
154,Nador,MA,35.174,-2.9287,55.4,71,0,8.05,clear sky
155,Nikolskoye,RU,59.7035,30.7861,10.4,79,75,17.9,snow
156,Chapais,CA,49.7834,-74.8492,12.2,79,40,11.5,scattered clouds
157,Mahebourg,MU,-20.4081,57.7,77.0,83,40,4.61,light rain
158,Bubaque,GW,11.2833,-15.8333,78.8,54,5,22.15,clear sky
159,Gurupa,BR,-1.405,-51.64,76.8,84,0,4.21,clear sky
160,Codrington,AU,-38.2667,141.9667,60.17,67,100,11.7,overcast clouds
161,Mackay,AU,-21.15,149.2,90.0,70,40,10.36,scattered clouds
162,Thompson,CA,55.7435,-97.8558,-27.4,68,75,13.8,snow
163,Deep River,CA,46.1001,-77.4995,15.8,73,40,4.61,scattered clouds
164,Coos Bay,US,43.3665,-124.2179,53.01,87,90,4.61,overcast clouds
165,Sambava,MG,-14.2667,50.1667,74.73,90,100,4.68,overcast clouds
166,The Valley,AI,18.217,-63.0578,78.8,83,40,11.5,scattered clouds
167,Santa Maria Del Oro,MX,25.9333,-105.3667,61.29,27,13,11.48,few clouds
168,Grindavik,IS,63.8424,-22.4338,32.0,64,0,19.57,clear sky
169,Maitum,PH,6.0392,124.4986,82.4,69,75,6.91,broken clouds
170,Fairlie,GB,55.756,-4.8556,36.0,84,75,7.0,broken clouds
171,Manono,CD,-7.3,27.4167,69.66,93,100,0.76,overcast clouds
172,Sembe,CG,1.6481,14.5806,74.75,77,89,4.5,overcast clouds
173,La Paz,BO,-16.5,-68.15,48.2,71,75,6.91,broken clouds
174,Aksarka,RU,66.5606,67.7975,-34.17,82,100,21.45,overcast clouds
175,Camacha,PT,33.0833,-16.3333,59.0,63,40,12.66,scattered clouds
176,Longyearbyen,SJ,78.2186,15.6401,15.8,86,75,12.66,broken clouds
177,Lavrentiya,RU,65.5833,-171.0,-9.15,79,0,0.63,clear sky
178,Carupano,VE,10.6678,-63.2585,74.91,85,100,12.39,overcast clouds
179,Monrovia,LR,6.3005,-10.7969,75.2,100,20,8.75,few clouds
180,Madang,PG,-5.2246,145.7966,83.07,73,94,4.12,overcast clouds
181,Mpika,ZM,-11.8343,31.4529,62.49,98,100,4.38,moderate rain
182,Teahupoo,PF,-17.8333,-149.2667,86.0,58,20,13.8,light rain
183,Santarem,BR,-2.4431,-54.7083,77.0,88,0,2.3,clear sky
184,Sakakah,SA,29.9697,40.2064,46.4,66,0,11.5,clear sky
185,Dodola,ET,6.9833,39.1833,51.28,67,1,2.33,clear sky
186,Chokurdakh,RU,70.6333,147.9167,-20.04,86,100,3.49,overcast clouds
187,Kaberamaido,UG,1.7389,33.1594,71.4,28,15,3.98,few clouds
188,Ngerengere,TZ,-6.75,38.1167,75.2,94,75,2.33,broken clouds
189,Airai,TL,-8.9266,125.4092,70.88,79,72,4.38,broken clouds
190,Lagoa,PT,39.05,-27.9833,59.99,91,100,25.81,overcast clouds
191,Nibe,DK,56.9815,9.6392,21.99,79,1,8.05,clear sky
192,Maragogi,BR,-9.0122,-35.2225,77.79,84,100,8.25,overcast clouds
193,Makakilo City,US,21.3469,-158.0858,78.8,44,1,14.97,clear sky
194,Anchorage,US,61.2181,-149.9003,16.0,79,75,4.61,haze
195,Cidreira,BR,-30.1811,-50.2056,68.4,76,57,5.75,broken clouds
196,Mattru,SL,7.6244,-11.8332,75.47,81,64,1.28,broken clouds
197,Cabo San Lucas,MX,22.8909,-109.9124,71.01,60,20,8.05,few clouds
198,Sungairaya,ID,0.7,108.9,81.39,78,69,4.94,broken clouds
199,Inverell,AU,-29.7833,151.1167,84.99,65,3,4.0,clear sky
200,Rennes,FR,48.1667,-1.6667,37.4,93,20,6.91,few clouds
201,Viedma,AR,-40.8135,-62.9967,63.0,69,100,1.01,overcast clouds
202,Vila Franca Do Campo,PT,37.7167,-25.4333,59.0,94,75,23.02,broken clouds
203,Thurso,GB,58.5927,-3.5259,35.6,69,75,23.02,broken clouds
204,Jacareacanga,BR,-6.2222,-57.7528,74.43,95,100,1.81,moderate rain
205,Karpogory,RU,64.0019,44.4451,-17.7,85,61,9.69,broken clouds
206,Turkistan,KZ,43.0,68.0,38.48,89,100,3.22,overcast clouds
207,Vostok,RU,46.4856,135.8833,-5.69,89,100,2.98,overcast clouds
208,Carutapera,BR,-1.195,-46.02,78.87,84,31,5.93,scattered clouds
209,Cayenne,GF,4.9333,-52.3333,77.0,100,90,3.44,fog
210,Kintampo,GH,8.0563,-1.7306,78.03,59,22,4.99,few clouds
211,College,US,64.8569,-147.8028,-4.0,71,90,0.89,light snow
212,Hasaki,JP,35.7333,140.8333,54.0,53,20,2.3,few clouds
213,Moerai,PF,-22.4333,-151.3333,81.84,69,1,10.78,clear sky
214,Saldanha,ZA,-33.0117,17.9442,64.4,88,0,6.91,clear sky
215,Matara,LK,5.9485,80.5353,73.67,89,30,4.76,scattered clouds
216,Sitka,US,57.0531,-135.33,33.8,55,40,6.91,scattered clouds
217,Laguna,US,38.421,-121.4238,62.6,48,1,4.61,clear sky
218,Norden,DE,53.6,7.2,28.0,54,100,11.01,overcast clouds
219,Luocheng,CN,29.3848,104.0286,52.38,60,27,0.83,scattered clouds
220,Udachnyy,RU,66.4167,112.4,-36.13,80,1,6.26,clear sky
221,Hami,CN,42.8,93.45,30.76,76,100,6.31,overcast clouds
222,Aswan,EG,24.0934,32.907,56.37,61,0,5.5,clear sky
223,Palauig,PH,15.435,119.9045,82.99,65,0,0.72,clear sky
224,Bartica,GY,6.4,-58.6167,75.2,94,20,6.91,few clouds
225,Senanga,ZM,-16.1167,23.2667,69.22,86,100,5.01,light rain
226,Odessa,UA,46.4775,30.7326,26.6,86,90,4.47,light snow
227,Burdur,TR,37.7203,30.2908,35.6,87,0,4.61,clear sky
228,Axim,GH,4.8699,-2.2405,79.36,90,100,8.43,overcast clouds
229,Nantucket,US,41.2835,-70.0995,39.99,70,1,16.11,clear sky
230,San Cristobal,VE,7.7669,-72.225,82.4,65,100,2.3,overcast clouds
231,Gat,IL,31.61,34.7642,55.99,100,0,1.52,clear sky
232,Nhulunbuy,AU,-12.2333,136.7667,86.0,70,40,10.36,scattered clouds
233,Alice Springs,AU,-23.7,133.8833,84.99,26,8,14.97,clear sky
234,Santa Maria,BR,-29.6842,-53.8069,68.0,94,0,1.25,clear sky
235,Montepuez,MZ,-13.1256,38.9997,69.8,100,100,3.94,moderate rain
236,Bogovarovo,RU,58.9785,47.0246,-7.28,89,100,10.31,snow
237,Lebu,CL,-37.6167,-73.65,58.32,93,36,2.26,scattered clouds
238,Tromso,NO,69.6496,18.957,27.0,86,75,3.44,light snow
239,Atuona,PF,-9.8,-139.0333,80.13,78,51,19.84,broken clouds
240,Vao,NC,-22.6667,167.4833,78.39,79,2,4.76,clear sky
241,Ilulissat,GL,69.2167,-51.1,24.8,39,0,31.07,light snow
242,Neuquen,AR,-38.9516,-68.0591,78.8,61,0,10.18,clear sky
243,Ahrensburg,DE,53.6833,10.25,26.6,59,0,18.41,clear sky
244,Sorong,ID,-0.8833,131.25,82.17,77,100,1.43,overcast clouds
245,Oranjemund,NA,-28.55,16.4333,65.03,91,88,15.79,overcast clouds
246,Cherskiy,RU,68.75,161.3,-3.33,81,0,4.7,clear sky
247,Waddan,LY,29.1614,16.139,64.04,27,100,8.01,overcast clouds
248,Jalu,LY,29.0331,21.5482,58.21,42,0,8.34,clear sky
249,Alihe,CN,50.5667,123.7167,-9.35,83,0,2.98,light snow
250,Dudinka,RU,69.4058,86.1778,-34.42,80,0,9.15,clear sky
251,Roald,NO,62.5833,6.1333,28.4,64,0,14.97,clear sky
252,Kozhva,RU,65.1073,57.0459,-31.11,83,100,11.39,overcast clouds
253,Severo-Kurilsk,RU,50.6789,156.125,22.01,93,100,24.43,light snow
254,Las Palmas,ES,28.4204,-14.0131,60.8,67,20,10.36,few clouds
255,Inhambane,MZ,-23.865,35.3833,76.69,88,100,6.82,overcast clouds
256,Vary,UA,48.1221,22.7128,37.99,93,75,6.91,broken clouds
257,Charters Towers,AU,-20.1,146.2667,86.36,57,100,5.82,overcast clouds
258,Havelock,US,34.8791,-76.9013,44.6,65,90,9.22,overcast clouds
259,Irbil,IQ,36.1926,44.0106,46.4,100,0,1.14,clear sky
260,Coquimbo,CL,-29.9533,-71.3436,60.8,82,0,6.91,clear sky
261,Meiganga,CM,6.5167,14.3,65.53,27,98,5.46,overcast clouds
262,Mubi,NG,10.2676,13.2644,65.17,28,100,1.92,overcast clouds
263,Bilibino,RU,68.0546,166.4372,-4.18,79,0,2.95,clear sky
264,San Pedro,PH,14.35,121.0167,84.99,78,20,2.3,few clouds
265,Umm Kaddadah,SD,13.6017,26.6876,57.04,37,0,12.95,clear sky
266,Anadyr,RU,64.75,177.4833,-7.01,77,0,11.18,clear sky
267,Avera,US,33.194,-82.5271,41.0,88,90,10.36,moderate rain
268,Sorland,NO,67.667,12.6934,35.22,79,8,19.93,clear sky
269,Comodoro Rivadavia,AR,-45.8667,-67.5,55.4,71,40,8.05,scattered clouds
270,Lumut,MY,4.2323,100.6298,73.4,100,20,2.3,few clouds
271,Alta Floresta,BR,-9.8756,-56.0861,71.13,99,100,3.51,overcast clouds
272,Tricase,IT,39.9304,18.3553,59.0,94,75,12.66,broken clouds
273,Katsuura,JP,35.1333,140.3,53.6,54,20,3.44,few clouds
274,Esperance,AU,-33.8667,121.9,60.8,94,90,12.66,light rain
275,Atambua,ID,-9.1061,124.8925,79.75,79,77,4.0,broken clouds
276,Virginia Beach,US,36.8529,-75.978,45.0,49,100,3.0,overcast clouds
277,Baracoa,CU,20.3467,-74.4958,76.01,86,37,5.46,scattered clouds
278,San Patricio,US,28.017,-97.5169,66.2,52,1,3.44,clear sky
279,Faanui,PF,-16.4833,-151.75,82.6,68,0,10.25,clear sky
280,Oshakati,NA,-17.7833,15.6833,76.64,40,100,11.97,overcast clouds
281,Kaniama,CD,-7.5667,24.1833,65.77,96,100,0.4,overcast clouds
282,Khorixas,NA,-20.3667,14.9667,71.78,46,17,4.21,few clouds
283,La Ronge,CA,55.1001,-105.2842,-23.8,62,74,5.75,broken clouds
284,Roma,US,43.2128,-75.4557,19.4,58,1,6.46,clear sky
285,Harper,LR,4.375,-7.7169,79.16,88,0,8.97,clear sky
286,Banda Aceh,ID,5.5577,95.3222,79.7,76,36,8.19,scattered clouds
287,Brae,GB,60.3964,-1.353,33.8,60,90,14.97,overcast clouds
288,Methven,NZ,-43.6333,171.65,73.99,57,0,10.4,clear sky
289,Oyama,JP,36.3,139.8,54.0,70,20,4.61,few clouds
290,Klang,MY,3.0333,101.45,78.01,88,20,1.14,haze
291,Araouane,ML,18.9048,-3.5265,69.58,26,95,18.37,overcast clouds
292,Wanning,CN,18.8003,110.3967,69.93,81,24,3.53,few clouds
293,Usinsk,RU,65.9939,57.5281,-33.05,82,100,14.85,overcast clouds
294,Aasiaat,GL,68.7098,-52.8699,19.0,87,0,24.11,clear sky
295,Port Macquarie,AU,-31.4333,152.9167,84.0,51,100,1.01,overcast clouds
296,The Pas,CA,53.8251,-101.2541,-22.0,63,1,11.5,clear sky
297,Kushmurun,KZ,52.4503,64.6311,7.95,90,91,21.25,overcast clouds
298,Bosobolo,CD,4.1833,19.9,71.06,30,3,2.42,clear sky
299,Wewak,PG,-3.5534,143.6268,81.81,75,97,5.1,overcast clouds
300,Bathsheba,BB,13.2167,-59.5167,77.0,73,20,11.5,few clouds
301,Hofn,IS,64.2539,-15.2082,31.98,94,99,18.41,overcast clouds
302,Quirinopolis,BR,-18.4483,-50.4517,71.76,77,1,5.55,clear sky
303,Mapiripan,CO,2.8892,-72.1256,75.4,91,100,3.74,overcast clouds
304,San Fernando,PH,15.0286,120.6898,82.4,74,75,6.91,broken clouds
305,Aabenraa,DK,55.0443,9.4174,26.01,80,20,14.97,snow
306,Tilichiki,RU,60.4667,166.1,19.0,90,100,16.69,overcast clouds
307,Karratha,AU,-20.7377,116.8463,81.79,61,14,11.39,few clouds
308,Talnakh,RU,69.4865,88.3972,-29.31,72,0,1.83,clear sky
309,Chinavita,CO,5.1672,-73.3682,60.62,85,89,0.25,overcast clouds
310,Port Said,EG,31.2565,32.2841,59.0,88,20,4.61,few clouds
311,Klaksvik,FO,62.2266,-6.589,35.6,60,20,17.27,few clouds
312,Mareeba,AU,-17.0,145.4333,90.0,79,99,5.75,overcast clouds
313,El Real De Santa Maria,PA,8.109,-77.7325,77.85,84,100,1.57,overcast clouds
314,Rohnert Park,US,38.3396,-122.7011,64.99,59,1,8.05,clear sky
315,Elizabeth City,US,36.2946,-76.2511,44.01,56,90,4.61,overcast clouds
316,Fochville,ZA,-26.4886,27.4939,61.0,98,100,3.96,overcast clouds
317,Leshukonskoye,RU,64.8989,45.7622,-18.62,86,85,9.26,overcast clouds
318,Henties Bay,NA,-22.116,14.2845,63.0,90,0,3.0,clear sky
319,Cariamanga,EC,-4.3333,-79.55,56.21,100,100,2.15,overcast clouds
320,Vila,PT,42.0304,-8.1588,37.0,89,90,3.69,overcast clouds
321,Kushiro,JP,42.975,144.3747,23.0,86,75,8.05,light snow
322,Dunedin,NZ,-45.8742,170.5036,60.01,77,0,25.99,clear sky
323,Tual,ID,-5.6667,132.75,84.04,79,100,19.3,heavy intensity rain
324,Yerbogachen,RU,61.2767,108.0108,-4.2,91,100,7.63,overcast clouds
325,Houma,US,29.5958,-90.7195,55.0,100,90,8.05,overcast clouds
326,Kodiak,US,57.79,-152.4072,37.4,65,1,10.36,clear sky
327,Gualaquiza,EC,-3.4,-78.55,65.08,90,100,1.34,overcast clouds
328,Aden,YE,12.7794,45.0367,73.63,67,24,1.54,few clouds
329,Wenchi,GH,7.7392,-2.1046,76.73,69,3,8.59,clear sky
330,Vung Tau,VN,10.346,107.0843,77.11,74,69,6.73,broken clouds
331,Ayan,RU,56.45,138.1667,-1.48,90,100,14.09,overcast clouds
332,Lithgow,AU,-33.4833,150.15,71.01,96,31,6.62,scattered clouds
333,San Quintin,MX,30.4833,-115.95,61.97,67,0,9.17,clear sky
334,Zhezkazgan,KZ,47.8043,67.7144,16.07,95,89,16.2,overcast clouds
335,Morristown,US,36.214,-83.2949,41.0,75,90,11.5,overcast clouds
336,General Roca,AR,-39.0333,-67.5833,78.8,61,0,9.64,clear sky
337,Wajima,JP,37.4,136.9,41.0,93,75,11.5,broken clouds
338,Barra Velha,BR,-26.6322,-48.6847,75.2,69,0,4.61,clear sky
339,Kamenskiy,RU,50.8855,45.488,6.67,90,99,16.91,overcast clouds
340,Diego De Almagro,CL,-26.3667,-70.05,59.09,52,1,1.61,clear sky
341,Buala,SB,-8.145,159.5921,79.48,79,100,7.02,light rain
342,Springdale,US,36.1867,-94.1288,37.99,100,90,3.44,overcast clouds
343,Yulara,AU,-25.2406,130.9889,86.0,23,1,17.27,clear sky
344,Krasnoselkup,RU,65.7,82.4667,-10.28,89,100,12.44,overcast clouds
345,Colonia,DE,50.9333,6.95,37.0,93,90,8.05,moderate rain
346,Elancourt,FR,48.7842,1.9552,44.6,93,90,9.22,light intensity drizzle
347,Guerrero Negro,MX,27.9769,-114.0611,65.89,47,0,12.28,clear sky
348,Okitipupa,NG,6.5047,4.7839,77.25,97,43,2.37,scattered clouds
349,Necochea,AR,-38.5473,-58.7368,61.0,79,0,12.44,clear sky
350,Emerald,AU,-23.5333,148.1667,96.01,49,36,8.05,scattered clouds
351,Ocampo,MX,21.65,-101.5,61.84,29,98,7.81,overcast clouds
352,Benghazi,LY,32.1167,20.0667,63.09,51,5,16.62,clear sky
353,Chincha Alta,PE,-13.4099,-76.1323,71.6,83,75,9.22,broken clouds
354,Killam,CA,52.7834,-111.8518,-23.8,83,98,3.44,overcast clouds
355,Katobu,ID,-4.9408,122.5276,83.5,77,100,3.13,overcast clouds
356,Nara,JP,34.6851,135.8049,55.0,76,20,2.3,few clouds
357,Spassk-Dalniy,RU,44.5978,132.8211,2.28,92,100,7.47,overcast clouds
358,Husavik,IS,66.0449,-17.3389,33.8,69,75,5.75,broken clouds
359,Tuatapere,NZ,-46.1333,167.6833,71.89,45,2,4.14,clear sky
360,Kavieng,PG,-2.5744,150.7967,85.21,64,35,1.03,scattered clouds
361,Linxia,CN,35.6003,103.2064,30.29,70,100,0.96,overcast clouds
362,Sur,OM,22.5667,59.5289,61.97,68,0,5.77,clear sky
363,Saint Peter,BB,13.25,-59.6167,77.0,73,20,11.5,few clouds
364,Ostersund,SE,63.1792,14.6357,10.4,92,40,6.91,scattered clouds
365,Belyy Yar,RU,53.6039,91.3903,3.2,92,3,2.24,mist
366,Okato,NZ,-39.2,173.8833,71.01,69,60,8.99,broken clouds
367,Lawrence,US,38.9717,-95.2353,17.01,73,90,12.66,overcast clouds
368,Kinna,SE,57.5073,12.6946,16.0,92,0,9.22,clear sky
369,Pemangkat,ID,1.1667,108.9667,79.79,84,60,2.21,light rain
370,Bajram Curri,AL,42.3554,20.0784,44.6,93,0,3.44,clear sky
371,Kondinskoye,RU,59.6481,67.41,32.43,98,100,11.83,snow
372,Portland,US,45.5234,-122.6762,46.99,87,90,16.11,overcast clouds
373,Denpasar,ID,-8.65,115.2167,82.4,83,20,3.44,few clouds
374,Stepnyak,KZ,52.8339,70.7803,18.9,94,95,30.15,overcast clouds
375,San Policarpo,PH,12.1791,125.5072,80.82,84,100,16.08,overcast clouds
376,Cap-Aux-Meules,CA,47.3821,-61.8597,30.2,64,0,33.38,clear sky
377,Karlskoga,SE,59.3267,14.5239,21.2,86,90,9.22,overcast clouds
378,Caucaia,BR,-3.7361,-38.6531,81.0,78,20,5.75,few clouds
379,Pokaran,IN,26.9167,71.9167,56.89,35,0,7.09,clear sky
380,Porto Walter,BR,-8.2686,-72.7439,76.17,88,100,1.25,overcast clouds
381,Petropavlovka,RU,50.6114,105.3196,-0.58,84,100,4.29,overcast clouds
382,Kurilsk,RU,45.2333,147.8833,16.92,89,100,12.86,overcast clouds
383,Sobolevo,RU,54.4299,31.8996,-4.52,92,68,8.43,broken clouds
384,Yar-Sale,RU,66.8333,70.8333,-27.92,86,100,16.15,overcast clouds
385,Masallatah,LY,32.6167,14.0,68.52,26,100,17.58,overcast clouds
386,Marsh Harbour,BS,26.5412,-77.0636,75.09,85,0,16.8,clear sky
387,Longonjo,AO,-12.9067,15.2533,63.39,72,100,2.48,overcast clouds
388,Qinhuangdao,CN,39.9317,119.5883,26.87,80,0,6.44,clear sky
389,Ardakan,IR,32.31,54.0175,48.2,46,0,4.61,clear sky
390,Lengshuijiang,CN,27.6881,111.4294,57.36,77,97,1.07,overcast clouds
391,Genhe,CN,50.7833,121.5167,-14.28,85,14,1.16,few clouds
392,Baykit,RU,61.67,96.37,18.66,94,100,6.08,light snow
393,Vaitape,PF,-16.5167,-151.75,82.85,65,0,8.77,clear sky
394,Nizhnevartovsk,RU,60.9344,76.5531,33.8,93,90,13.42,overcast clouds
395,Balkhash,KZ,46.844,74.9804,34.84,88,100,21.09,overcast clouds
396,Gimli,CA,50.6336,-96.9907,-20.2,63,44,4.61,scattered clouds
397,Hervey Bay,AU,-25.2986,152.8535,90.0,45,0,10.36,clear sky
398,Kjollefjord,NO,70.9457,27.3465,25.9,94,100,21.09,light snow
399,Kovdor,RU,67.5662,30.4758,16.29,96,100,10.67,overcast clouds
400,Khani,GE,41.9563,42.9566,46.4,87,40,11.5,scattered clouds
401,Staryy Nadym,RU,65.6118,72.6842,-17.28,87,100,16.11,overcast clouds
402,Nome,US,64.5011,-165.4064,17.6,73,90,4.61,overcast clouds
403,Kruisfontein,ZA,-34.0033,24.7314,64.99,88,0,1.99,clear sky
404,Sangmelima,CM,2.9333,11.9833,68.22,93,3,1.61,clear sky
405,Nzega,RW,-2.479,29.5564,57.96,86,99,4.18,overcast clouds
406,Evensk,RU,61.95,159.2333,18.52,85,100,26.15,overcast clouds
407,Astana,KZ,51.1801,71.446,23.0,93,90,31.32,snow
408,Tuy Hoa,VN,13.0833,109.3,72.61,85,94,6.69,overcast clouds
409,Filadelfia,US,39.9523,-75.1638,39.2,52,90,4.61,overcast clouds
410,Dharchula,IN,29.85,80.5333,45.73,41,0,12.41,clear sky
411,Mandalgovi,MN,45.7625,106.2708,5.41,85,0,6.51,clear sky
412,Vila Do Maio,CV,15.1333,-23.2167,68.0,64,75,20.71,broken clouds
413,Banfora,BF,10.6333,-4.7667,80.69,20,81,3.49,broken clouds
414,Kambar,PK,27.5868,68.001,55.81,34,0,0.56,clear sky
415,Clinton,US,42.587,-82.9199,18.0,67,90,9.22,overcast clouds
416,Hambantota,LK,6.1241,81.1185,71.6,100,0,3.44,clear sky
417,Basco,PH,20.4487,121.9702,74.57,88,84,22.57,broken clouds
418,Verkhnyaya Inta,RU,65.9811,60.3094,-20.67,85,100,14.0,overcast clouds
419,Lorengau,PG,-2.0226,147.2712,85.77,67,100,5.73,overcast clouds
420,Nichinan,JP,31.6,131.3667,55.4,62,20,16.11,few clouds
421,Padang,ID,-0.9492,100.3543,75.2,83,20,2.3,few clouds
422,Iqaluit,CA,63.7506,-68.5145,26.6,74,90,13.8,overcast clouds
423,Santa Rosa,PH,14.3122,121.1114,84.99,78,20,2.3,few clouds
424,Mecca,SA,21.4267,39.8261,65.1,60,0,5.99,clear sky
425,Hamilton,US,39.1834,-84.5333,30.99,59,1,6.91,clear sky
426,Kannangad,IN,12.3081,75.1063,71.92,61,77,4.97,broken clouds
427,Kaitangata,NZ,-46.2817,169.8464,66.0,74,11,8.01,few clouds
428,Zhigansk,RU,66.7697,123.3711,-37.86,81,100,12.57,overcast clouds
429,La Romana,DO,18.4273,-68.9728,75.2,94,20,8.57,few clouds
430,Malibu,US,34.005,-118.8101,68.0,44,0,6.89,clear sky
431,Coihaique,CL,-45.5752,-72.0662,71.6,35,0,18.41,clear sky
432,Orange,US,33.7,-117.7675,72.0,48,1,3.44,clear sky
433,Susanville,US,40.4163,-120.653,51.8,46,1,3.78,clear sky
434,Kropotkin,RU,45.4375,40.5756,26.46,98,100,4.09,snow
435,Bay Roberts,CA,47.5999,-53.2648,42.8,93,40,20.71,scattered clouds
436,Plastun,RU,44.7561,136.2939,7.12,83,0,11.39,clear sky
437,Nemuro,JP,43.3236,145.575,23.0,86,75,8.05,light snow
438,Dunmore Town,BS,25.5,-76.65,75.72,88,0,14.2,clear sky
439,Kavaratti,IN,10.5669,72.642,81.21,61,43,10.11,scattered clouds
440,Kualakapuas,ID,-3.0091,114.3876,78.8,94,40,3.44,moderate rain
441,Kirakira,SB,-10.4544,161.9205,79.74,86,100,8.95,overcast clouds
442,Umea,SE,63.8284,20.2597,8.6,92,0,8.05,clear sky
443,Sao Jose Da Coroa Grande,BR,-8.8978,-35.1478,78.1,83,96,8.79,overcast clouds
444,Aksay,RU,47.26,39.87,19.4,86,20,8.95,few clouds
445,Batagay-Alyta,RU,67.8006,130.4114,-27.0,83,100,1.63,overcast clouds
446,Jember,ID,-8.166,113.7032,83.08,70,18,1.32,few clouds
447,Zyryanka,RU,65.75,150.85,-13.92,85,0,9.42,clear sky
448,Great Yarmouth,GB,52.6083,1.7305,37.4,87,90,20.71,overcast clouds
449,Tougue,GN,11.4667,-11.6,68.95,24,45,5.77,scattered clouds
450,Zaykovo,RU,57.5613,62.7568,6.42,94,100,13.35,light snow
451,Hun,LY,29.1268,15.9477,64.81,27,100,8.61,overcast clouds
452,Torbat-E Jam,IR,35.244,60.6225,42.49,82,0,0.89,clear sky
453,Requena,ES,39.4883,-1.1004,55.4,67,0,6.91,clear sky
454,Ambilobe,MG,-13.2,49.05,72.9,94,99,2.73,overcast clouds
455,Mabaruma,GY,8.2,-59.7833,72.34,97,100,4.05,overcast clouds
456,Hobyo,SO,5.3505,48.5268,76.73,79,64,15.77,broken clouds
457,Oros,BR,-6.2444,-38.9136,80.42,57,0,8.86,clear sky
458,Linqiong,CN,30.4159,103.4609,54.0,100,0,3.15,mist
459,Beira,MZ,-19.8436,34.8389,84.2,79,20,5.75,moderate rain
460,Hays,US,30.0502,-98.0336,62.01,40,0,11.61,clear sky
461,Mitu,CO,1.1983,-70.1733,73.24,96,100,1.88,very heavy rain
462,Loncoche,CL,-39.3667,-72.6333,60.8,88,0,4.61,clear sky
463,Kukes,AL,42.0769,20.4219,50.0,49,72,8.01,broken clouds
464,Flinders,AU,-34.5833,150.8552,82.99,61,13,4.0,few clouds
465,Milkovo,RU,54.7167,158.6167,17.56,96,100,4.0,snow
466,Baldwin,US,30.7505,-87.7667,48.0,84,53,1.99,broken clouds
467,Kabalo,CD,-6.05,26.9167,70.61,94,100,2.68,overcast clouds
468,Florenville,BE,49.6998,5.3074,42.01,95,100,10.18,overcast clouds
469,Boende,CD,-0.2167,20.8667,73.45,85,0,1.63,clear sky
470,Port Hawkesbury,CA,45.6169,-61.3485,32.0,69,20,16.11,few clouds
471,Noyon,FR,49.5833,3.0,42.01,93,90,16.11,overcast clouds
472,Platikambos,GR,39.6167,22.5333,44.6,93,0,1.59,clear sky
473,Leningradskiy,RU,69.3833,178.4167,-9.98,74,0,5.64,clear sky
474,Auki,SB,-8.7676,160.7034,76.44,93,100,12.8,light rain
475,Pangody,RU,65.85,74.4859,-17.59,87,100,15.19,overcast clouds
476,Waingapu,ID,-9.6567,120.2641,83.7,71,92,8.14,overcast clouds
477,Angol,CL,-37.8,-72.7167,67.12,73,0,2.19,clear sky
478,Santa Fe,AR,-31.6333,-60.7,75.99,61,0,6.55,clear sky
479,Medvezhyegorsk,RU,62.9167,34.4667,16.3,96,96,6.29,light snow
480,Nakhon Phanom,TH,17.3333,104.4167,62.6,94,1,2.3,clear sky
481,Outjo,NA,-20.1167,16.15,70.59,48,100,8.97,overcast clouds
482,Ingraj Bazar,IN,25.0,88.15,54.21,78,0,4.29,clear sky
483,Feijo,BR,-8.1642,-70.3536,75.15,95,85,1.61,overcast clouds
484,Calceta,EC,-0.85,-80.1667,80.6,74,0,4.61,light rain
485,Idappadi,IN,11.5833,77.85,65.5,72,2,3.04,clear sky
486,Custodia,BR,-8.0875,-37.6431,77.32,52,20,12.97,few clouds
487,Manavalakurichi,IN,8.1333,77.3,77.0,88,40,7.23,mist
488,Isabela,PH,6.7085,121.9711,82.4,78,75,3.44,broken clouds
489,Bakchar,RU,57.0186,82.0711,27.01,97,100,12.26,overcast clouds
490,Pangnirtung,CA,66.1451,-65.7125,23.81,80,87,3.47,overcast clouds
491,Nenagh,IE,52.8619,-8.1967,39.2,87,40,6.91,scattered clouds
492,Cap Malheureux,MU,-19.9842,57.6142,75.99,85,0,1.01,clear sky
493,Albert Lea,US,43.648,-93.3683,-5.8,77,75,5.75,broken clouds
494,Paramonga,PE,-10.6667,-77.8333,70.66,80,100,5.82,overcast clouds
495,Pacific Grove,US,36.6177,-121.9166,57.99,88,1,4.61,clear sky
496,Novoagansk,RU,61.9449,76.6625,34.11,97,100,12.84,overcast clouds
497,Hammerfest,NO,70.6634,23.6821,26.51,96,100,18.66,light snow
498,Arman,RU,59.7,150.1667,10.42,87,100,15.08,overcast clouds
499,Coolum Beach,AU,-26.5333,153.1,89.01,68,2,4.0,clear sky
500,Srednekolymsk,RU,67.45,153.6833,-14.62,83,0,0.98,clear sky
501,Luwuk,ID,-0.9516,122.7875,84.83,59,100,1.59,overcast clouds
502,Tsiroanomandidy,MG,-18.7667,46.0333,67.19,97,100,2.21,light rain
503,Ritchie,ZA,-29.038,24.6028,64.4,82,0,9.22,clear sky
504,Marsa Matruh,EG,31.3525,27.2453,50.0,87,0,6.91,clear sky
505,Bonavista,CA,48.6499,-53.1147,42.01,100,100,6.91,overcast clouds
506,Camocim,BR,-2.9022,-40.8411,79.39,79,0,14.32,clear sky
507,Havre-Saint-Pierre,CA,50.2334,-63.5986,28.4,100,90,31.07,snow
508,Novokayakent,RU,42.3937,47.9861,30.2,80,0,4.47,clear sky
509,Constitucion,CL,-35.3333,-72.4167,57.42,87,34,4.88,scattered clouds
510,Komsomolskiy,UZ,40.4272,71.7189,39.2,60,99,2.3,overcast clouds
511,Khor,RU,47.8861,134.9464,-10.21,90,99,4.32,overcast clouds
512,Shingu,JP,33.7333,135.9833,51.8,62,40,6.91,scattered clouds
513,Oga,IT,46.4631,10.347,42.01,100,90,1.14,snow
514,Pontianak,ID,-0.0333,109.3333,78.8,89,75,4.61,broken clouds
515,Geraldton,AU,-28.7667,114.6,71.6,78,75,20.71,light rain
516,Mehamn,NO,71.0357,27.8492,25.72,93,100,21.52,light snow
517,Xai-Xai,MZ,-25.0519,33.6442,75.45,82,100,2.98,overcast clouds
518,Lucea,JM,18.451,-78.1736,82.4,57,20,5.75,few clouds
519,Morro Bay,US,35.3658,-120.8499,64.0,82,0,6.58,clear sky
520,Port Hedland,AU,-20.3167,118.5667,86.0,62,40,12.66,scattered clouds
521,Valparaiso,CL,-33.0393,-71.6273,60.8,88,90,5.75,overcast clouds
522,Acapulco,MX,16.8634,-99.8901,80.6,74,1,4.61,clear sky
523,Muros,ES,42.7762,-9.0603,37.99,95,96,1.99,overcast clouds
524,Surgut,RU,61.25,73.4167,33.8,100,90,11.18,light rain
525,Aksu,CN,41.1231,80.2644,26.85,79,100,2.21,overcast clouds
526,Ust-Kulom,RU,61.6864,53.6902,-13.0,89,100,9.89,light snow
527,Ust-Nera,RU,64.5667,143.2,-22.0,76,30,5.08,scattered clouds
528,Ubinskoye,RU,55.3068,79.6802,25.18,94,100,18.81,overcast clouds
529,Salalah,OM,17.0151,54.0924,73.4,68,75,5.75,broken clouds
530,Xuddur,SO,4.1213,43.8894,65.66,89,11,14.05,few clouds
531,San Felipe,VE,10.3399,-68.7425,69.84,91,100,5.3,overcast clouds
532,Chernyshevskiy,RU,63.0128,112.4714,-29.06,87,100,2.26,overcast clouds
533,Chlorakas,CY,34.8042,32.4083,53.6,82,90,8.05,overcast clouds
534,Andenes,NO,69.3143,16.1194,33.8,60,100,24.16,overcast clouds
535,Craig,US,40.5153,-107.5464,35.6,51,90,17.27,overcast clouds
536,Menongue,AO,-14.6585,17.691,65.66,93,100,4.94,moderate rain
537,Krasavino,RU,60.9614,46.4814,-9.65,87,100,11.34,overcast clouds
538,Fare,PF,-16.7,-151.0167,82.54,67,5,10.8,clear sky
539,Dawei,MM,14.0833,98.2,74.28,55,86,3.06,overcast clouds
540,Meadow Lake,US,34.8014,-106.5436,50.0,12,1,5.75,clear sky
541,Kiama,AU,-34.6833,150.8667,82.99,77,14,1.01,few clouds
542,Abu Samrah,SY,35.3029,37.1841,49.06,73,0,4.54,clear sky
543,Bam,IR,29.106,58.357,53.37,33,0,8.37,clear sky
544,Ahmadpur East,PK,29.1431,71.2598,53.96,38,0,4.36,clear sky
545,Sibolga,ID,1.7427,98.7792,78.62,72,50,2.75,scattered clouds
546,Perth,AU,-31.9333,115.8333,64.99,82,75,23.02,light rain
547,Puerto Ayacucho,VE,5.6639,-67.6236,83.14,60,100,5.59,overcast clouds
548,Willmar,US,45.1219,-95.0433,-7.6,71,1,9.22,clear sky
549,Nacala,MZ,-14.5428,40.6728,75.76,93,100,3.4,light rain
550,Bagalkot,IN,16.1833,75.7,64.85,57,30,5.46,scattered clouds
551,Mayumba,GA,-3.432,10.6554,79.45,82,100,1.12,light rain
552,Tomatlan,MX,19.9333,-105.25,71.42,80,0,4.27,clear sky
553,Mount Isa,AU,-20.7333,139.5,77.0,100,40,8.05,moderate rain
554,Tondano,ID,1.3038,124.9112,78.8,89,40,3.44,scattered clouds
555,Laje,BR,-10.1833,-40.9667,75.76,48,7,2.75,clear sky
556,Doha,QA,25.2867,51.5333,70.0,78,0,10.36,clear sky
557,Galesong,ID,-5.3166,119.3661,78.8,89,20,3.44,few clouds
558,Robertsport,LR,6.7533,-11.3686,80.73,85,97,8.41,overcast clouds
559,Kaeo,NZ,-35.1,173.7833,70.0,76,72,7.0,broken clouds
560,Jega,NG,12.2175,4.3792,73.67,20,0,9.55,clear sky
561,Amapa,BR,1.0,-52.0,71.78,98,87,2.01,overcast clouds
562,Mehkar,IN,20.1508,76.569,56.39,37,35,8.61,scattered clouds
563,Tabou,CI,4.423,-7.3528,78.71,90,0,8.23,clear sky
564,Soyo,AO,-6.1349,12.3689,79.66,85,100,8.28,overcast clouds
565,Rudbar,AF,30.15,62.6,52.86,37,0,3.44,clear sky
566,Copiapo,CL,-27.3667,-70.3333,60.8,82,90,12.66,overcast clouds
567,Zambrow,PL,52.9855,22.2432,6.01,62,5,3.0,clear sky
568,Ancud,CL,-41.8697,-73.8203,62.6,51,0,11.5,clear sky
569,Bend,US,44.0582,-121.3153,44.6,57,1,15.23,clear sky
570,Tucuman,AR,-26.8241,-65.2226,78.8,73,75,4.61,broken clouds
571,Kalmunai,LK,7.4167,81.8167,76.33,89,18,7.9,few clouds
572,Moisakula,EE,58.0922,25.1864,4.93,94,0,3.47,clear sky
573,Kuhdasht,IR,33.535,47.6061,43.56,86,100,4.79,overcast clouds
574,Pokhara,NP,28.2333,83.9833,47.26,50,0,3.94,clear sky
575,Thinadhoo,MV,0.5333,72.9333,81.28,74,0,12.26,clear sky
576,Kudahuvadhoo,MV,2.6708,72.8944,80.87,79,0,14.18,clear sky
577,Aykhal,RU,66.0,111.5,-31.7,82,3,9.19,clear sky
578,Talcahuano,CL,-36.7167,-73.1167,59.0,88,90,3.44,overcast clouds
579,Peru,US,40.7537,-86.0689,16.0,79,90,5.75,overcast clouds
580,Sioux Lookout,CA,50.1001,-91.917,-13.0,64,90,11.5,snow
581,Ponta Delgada,PT,37.7333,-25.6667,59.0,94,75,23.02,broken clouds
582,Taksimo,RU,56.3444,114.8794,-14.44,77,30,0.58,scattered clouds
583,Bilma,NE,18.6853,12.9164,60.51,28,0,6.02,clear sky
584,Whitianga,NZ,-36.8333,175.7,68.74,59,60,8.43,broken clouds
585,Ravar,IR,31.2656,56.8055,49.89,40,0,3.18,clear sky
586,Tafresh,IR,34.692,50.013,39.43,90,100,3.62,overcast clouds
587,Aljezur,PT,37.3191,-8.8033,52.0,42,78,5.01,broken clouds
588,Raudeberg,NO,61.9875,5.1352,24.01,74,0,9.22,clear sky
589,Port Blair,IN,11.6667,92.75,78.93,74,0,8.12,clear sky
590,Piacabucu,BR,-10.4056,-36.4344,79.07,82,29,13.42,scattered clouds
591,Goderich,CA,43.7501,-81.7165,19.4,79,100,17.27,overcast clouds
592,Shimoda,JP,34.6667,138.95,55.4,62,20,6.91,few clouds
593,Nelson Bay,AU,-32.7167,152.15,80.6,50,90,8.05,overcast clouds
594,Santa Isabel Do Rio Negro,BR,-0.4139,-65.0192,76.5,87,44,2.42,scattered clouds
595,Villarrobledo,ES,39.2699,-2.6012,44.01,97,100,5.01,overcast clouds
596,Zharkent,KZ,44.1628,80.0,33.98,78,100,3.71,overcast clouds
597,Yumen,CN,40.2833,97.2,27.48,67,100,3.06,overcast clouds
598,Cacapava Do Sul,BR,-30.5122,-53.4914,62.71,77,0,3.2,clear sky
599,Zhaozhou,CN,45.6833,125.3167,-3.1,90,3,7.18,clear sky
600,Red Bluff,US,40.1785,-122.2358,73.4,37,1,3.44,clear sky
601,Poplar Bluff,US,36.757,-90.3929,33.01,93,90,5.75,light snow
602,Lodja,CD,-3.4833,23.4333,70.52,88,55,0.72,broken clouds
603,Belmonte,BR,-15.8631,-38.8828,78.8,83,75,6.91,broken clouds
604,Zarechnyy,RU,53.2036,45.1923,-4.38,91,100,9.66,overcast clouds
605,Maningrida,AU,-12.0667,134.2667,81.9,77,100,14.14,overcast clouds
606,Cabedelo,BR,-6.9811,-34.8339,78.8,83,20,4.61,few clouds
607,Vestmanna,FO,62.1564,-7.1664,35.6,60,20,17.27,few clouds
608,Kahului,US,20.8947,-156.47,78.8,50,40,11.5,scattered clouds
609,Mogoytuy,RU,51.2833,114.9167,-10.21,87,59,3.04,broken clouds
610,Beringovskiy,RU,63.05,179.3167,-6.21,90,84,9.75,broken clouds
611,Whitehorse,CA,60.7161,-135.0538,-9.0,70,40,2.3,scattered clouds
612,Port Lincoln,AU,-34.7333,135.8667,62.37,67,99,11.65,overcast clouds
613,Tabora,TZ,-5.0167,32.8,68.0,100,75,1.61,broken clouds
614,Sabzevar,IR,36.2126,57.6819,48.36,59,100,6.13,overcast clouds
615,Senneterre,CA,48.3835,-77.2328,12.2,73,75,10.36,broken clouds
616,Sinnamary,GF,5.3833,-52.95,77.58,87,100,14.9,overcast clouds
617,Ust-Tsilma,RU,65.441,52.1498,-32.78,80,92,9.98,overcast clouds
618,San Juan,AR,-31.5375,-68.5364,85.32,30,0,7.9,clear sky
619,Ginda,IN,30.6945,78.4932,40.23,52,0,7.43,clear sky
620,Severnoye,RU,56.3491,78.3619,24.93,96,100,17.16,overcast clouds
621,Orchard Homes,US,46.8633,-114.0484,33.8,93,90,3.44,snow
622,Malinyi,TZ,-8.9333,36.1333,72.61,96,100,0.43,overcast clouds
623,Balaipungut,ID,1.05,101.2833,77.0,88,40,1.32,scattered clouds
624,Ryotsu,JP,38.0833,138.4333,44.6,87,75,13.8,broken clouds
625,Payo,ID,-3.7508,103.6372,75.45,92,95,3.24,light rain
626,Lompoc,US,34.6391,-120.4579,63.0,63,1,9.22,clear sky
627,Prince Rupert,CA,54.3161,-130.3201,41.0,81,90,8.05,light snow
628,Quesnel,CA,52.9999,-122.5029,14.0,79,90,9.22,overcast clouds
629,Ifo,NG,6.8144,3.1958,79.77,85,74,5.68,broken clouds
630,Saint George,US,37.1041,-113.5841,57.2,17,1,11.5,clear sky
631,Asfi,MA,32.2994,-9.2372,55.53,71,0,6.49,clear sky
632,Nuevo Progreso,MX,23.1667,-97.95,71.01,91,45,10.0,scattered clouds
633,Nizwa,OM,22.9333,57.5333,49.84,63,0,0.94,clear sky
634,Pizhanka,RU,57.4604,48.542,-6.0,91,100,11.77,snow
635,Cuamba,MZ,-14.8031,36.5372,69.58,96,100,1.43,overcast clouds
636,Kristinehamn,SE,59.3098,14.1081,21.2,92,61,5.75,broken clouds
637,Puerto Leguizamo,CO,-0.1934,-74.7819,74.07,95,100,2.15,light rain
638,Kurumkan,RU,54.3,110.3,-5.91,83,100,1.99,overcast clouds
639,Grong,NO,64.4654,12.3149,8.15,86,0,1.97,clear sky
640,Ugoofaaru,MV,5.6667,73.0,81.39,72,23,10.45,few clouds
641,Urumqi,CN,43.801,87.6005,6.8,92,90,4.47,fog
642,Rio Gallegos,AR,-51.6226,-69.2181,55.4,58,0,3.44,clear sky
643,Rapar,IN,23.5667,70.6333,61.23,34,0,11.03,clear sky
644,Port Hardy,CA,50.6996,-127.4199,44.6,75,75,9.22,broken clouds
645,Chara,RU,56.9064,118.2631,-15.7,71,32,0.83,scattered clouds
646,Aleksandrovsk-Sakhalinskiy,RU,50.8975,142.1561,1.81,91,100,6.33,overcast clouds
647,Mudgee,AU,-32.5943,149.5871,75.0,68,81,3.44,broken clouds
648,Tagusao,PH,9.1924,117.8141,80.96,71,100,3.06,overcast clouds
649,Kathmandu,NP,27.7167,85.3167,35.6,100,20,3.44,mist
650,Anderson,US,34.5334,-82.6499,35.6,93,90,4.61,moderate rain
651,Kingaroy,AU,-26.5333,151.8333,86.0,48,85,5.75,overcast clouds
652,Ngunguru,NZ,-35.6167,174.5,70.0,76,100,7.0,overcast clouds
653,Maldonado,UY,-34.6667,-54.9167,66.99,88,20,3.44,few clouds
654,Olafsvik,IS,64.8945,-23.7142,34.05,82,45,15.46,scattered clouds
655,Mayor Pablo Lagerenza,PY,-19.9309,-60.7718,75.15,38,58,3.71,broken clouds
656,Ballina,AU,-28.8667,153.5667,84.2,65,100,8.05,overcast clouds
657,Dhidhdhoo,MV,6.8833,73.1,81.3,68,0,9.17,clear sky
658,Beloha,MG,-25.1667,45.05,74.1,95,22,3.78,few clouds
659,Khandbari,NP,27.3747,87.2039,46.63,56,20,3.96,few clouds
660,Xining,CN,36.6167,101.7667,21.09,66,96,1.99,overcast clouds
661,Sabha,LY,27.0377,14.4283,59.54,30,0,12.97,clear sky
662,Port Augusta,AU,-32.5,137.7667,73.99,60,75,16.11,broken clouds
663,Male,MV,4.1748,73.5089,80.6,83,20,8.05,few clouds
664,Dafeng,CN,23.4517,108.5881,68.09,68,0,5.59,clear sky
665,Changping,CN,40.2186,116.2197,36.0,34,0,6.71,clear sky
666,Trofors,NO,65.5333,13.4063,21.2,86,0,2.3,clear sky
667,Richards Bay,ZA,-28.783,32.0377,72.88,86,6,9.42,clear sky
668,Labuhan,ID,-6.8844,112.2051,81.66,80,1,9.44,clear sky
669,Grafton,US,42.207,-71.6856,32.0,40,1,12.66,clear sky
670,Touros,BR,-5.1989,-35.4608,77.0,88,20,4.61,few clouds
671,Ust-Maya,RU,60.4167,134.5333,-24.12,84,94,0.4,overcast clouds
672,Buchanan,LR,5.8808,-10.0467,75.2,100,20,5.77,few clouds
673,Asilah,MA,35.465,-6.0348,51.8,87,75,18.41,broken clouds
674,Show Low,US,34.2542,-110.0298,48.2,13,1,1.54,clear sky
675,Mount Gambier,AU,-37.8333,140.7667,60.8,77,90,14.97,overcast clouds
676,Alamogordo,US,32.8995,-105.9603,55.4,8,1,4.61,clear sky
677,Lobanovo,RU,57.8595,56.3026,6.8,78,75,13.42,light snow
678,Namwala,ZM,-15.7504,26.4384,66.2,97,100,3.2,overcast clouds
679,Indiana,US,40.0003,-86.2503,21.0,67,40,5.75,scattered clouds
680,Tommot,RU,58.9564,126.2925,-17.63,82,100,0.27,overcast clouds
681,Itambacuri,BR,-18.0311,-41.685,72.23,87,100,2.91,overcast clouds
682,Zhangye,CN,38.9342,100.4517,29.8,63,0,5.32,clear sky
683,Bantry,IE,51.6833,-9.45,37.4,87,20,8.05,few clouds
684,Mata Grande,BR,-9.1175,-37.7322,77.99,50,100,5.95,overcast clouds
685,Miri,MY,4.4148,114.0089,78.8,94,20,2.3,moderate rain
686,Eyl,SO,7.9803,49.8164,73.83,86,10,11.43,clear sky
687,La Palma,US,33.8464,-118.0467,71.01,59,1,4.61,clear sky
688,North Mankato,US,44.1733,-94.0339,-7.6,77,20,14.97,few clouds
689,Abangay,PH,10.9667,122.65,80.65,81,44,13.98,scattered clouds
690,Taoudenni,ML,22.6783,-3.9836,60.71,33,97,10.87,overcast clouds
691,Gorontalo,ID,0.5412,123.0595,82.9,74,100,3.13,overcast clouds
692,Neiafu,TO,-18.65,-173.9833,78.8,94,90,12.66,moderate rain
693,Kodinar,IN,20.7903,70.7031,66.04,30,0,13.47,clear sky
694,Jocoro,SV,13.6167,-88.0167,76.21,69,0,3.02,clear sky
695,Turinskaya Sloboda,RU,57.6232,64.3858,24.58,99,100,14.2,snow
696,Tautira,PF,-17.7333,-149.15,86.0,58,20,13.8,light rain
697,Seoul,KR,37.5683,126.9778,41.0,100,90,5.75,fog
698,Port Shepstone,ZA,-30.7414,30.455,74.3,88,100,5.77,overcast clouds
699,Novyy Urgal,RU,51.0736,132.5642,-9.04,87,96,0.74,overcast clouds
700,Hashtrud,IR,37.4779,47.0508,32.07,96,100,2.59,overcast clouds
701,Tazovskiy,RU,67.4667,78.7,-25.73,86,98,9.57,overcast clouds
702,Shakawe,BW,-18.3667,21.85,68.63,93,78,3.89,broken clouds
703,Macusani,PE,-14.0833,-70.4333,38.7,86,37,4.43,scattered clouds
704,Kerman,IR,30.2832,57.0788,32.0,23,0,1.9,clear sky
705,Surt,LY,31.2089,16.5887,66.43,35,99,16.49,overcast clouds
706,Burgeo,CA,47.6167,-57.6152,34.09,90,42,30.06,scattered clouds
